Item,Description,Qty,Price
DiamondHFRST-BKRS,"Diamond Guitars Hailfire ST HFRST- BKRS - Black, Red Stripe",1,"TK49,000.00"
Adaptor,9v Adaptor,1,"TK1,250.00"
DiamondBOLLT3-SBK,Diamond Guitars Bolero BOLLT3-SBK - Satin Black,1,"TK29,000.00"
DiamondMAVSM14-SNA,Diamond Guitars Maverick MAVSM14-SNA - Satin Natural,1,"TK69,500.00"
ReverendDoubleAgentIIIWilkinsonMidnightBlackDAWbk,Reverend Double Agent III Wilkinson Guitar Midnight Black with Original Hard Case,1,"TK78,000.00"
DiamondBoleroBOLFM3-TGE,Diamond Bolero BOLFM3-TGE- Tiger's Eye,1,"TK65,000.00"
DiamondHalcyonHLCST-FR-GXR,Diamond Guitars Halcyon HLCST-FR-GXR - Galaxy Red,1,"TK49,500.00"
Prestige16016,Prestige Heritage Standard Sunburst FlameMaple AAA with Original Hardshell Casing,1,"TK122,500.00"
ReverendPeteAndersonEastsiderSSatinDeepSeaBlue,Reverend Pete Anderson Eastsider S Guitar Satin Deep Sea Blue with Original Hard Case,1,"TK90,000.00"
Zildzian Sticks,Zildzian Drums Sticks,1,"TK2,000.00"
SDSJB-3,Seymour Duncan Jazz Bass® 4-String Quarter Pound SJB-3 Bridge,1,"TK6,000.00"
Prestige16021,Prestige Heritage Elite Sunburst Flame Maple top AAA Black Trim with Hardshell Casing,1,"TK117,000.00"
ReverendDoubleAgentOriginalCoffeeBurstFlameMaple,Reverend Double Agent Original Guitar Coffee Burst Flame Maple with Original Hard Case,1,"TK70,000.00"
DiamondHailfireHFRST-BKSS,"Diamond Hailfire ST HFRST-BKSS - Black, Silver Stripes",1,"TK49,000.00"
Cordoba15CM,Cordoba Ukulele 15CM,1,"TK12,000.00"
Web Hosting,Web Hosting,1,"TK12,858.91"
Domain Transfer,Domain Transfer with one year extension,1,TK717.09
Domain Purchase,Domain Purchase,1,TK950.00
DiamondBoleroBOLSTF14-TR,Diamond Guitars Bolero STF BOLSTF14-TR - Trans Red,1,"TK57,000.00"
DiamondHalcyonHLCFM-FR-UV,Diamond Guitars Halcyon HLCFM-FR-UV - Ultra Violet,1,"TK57,000.00"
Prestige16019,Prestige Heritage Elite Black with Original Hardshell Casing,1,"TK130,000.00"
Elixir14002,Elixir Bass Strings Nanoweb  Super Light Long Scale (.040-.095),1,"TK3,350.00"
DiamondBoleroBOLLT3-SWA,Diamond Guitars Bolero LT BOLLT3-SWA - Satin Walnut,1,"TK29,000.00"
DiamondMaverickMAVLT14-SWA,Diamond Guitars Maverick LT MAVLT14-SWA- Satin Walnut,1,"TK41,000.00"
CordobaFusionGuitar12JETII,Cordoba Fusion Guitar 12 JET II Electro-Acoustic with Original Gig Bag,1,"TK46,500.00"
ENGLEN412VSB,ENGL EN412VSB 4x12 Vintage 30 Slanted Cabinet,1,"TK110,000.00"
ENGLFireBall100Head,ENGL Fire Ball 100 Head,1,"TK151,000.00"
ENGLEN112VB,ENGL Vintage 30 112 EN112VB Cabinet,1,"TK46,500.00"
ENGLIronBall20EN606,ENGL Iron Ball 20 EN 606 Head,1,"TK98,000.00"
SDBkWinterHBSet-B,Seymour Duncan Black Winter Set Humbucker Guitar Pickup Black,1,"TK18,000.00"
MicStandOnStage,On Stage DS300B Quik Release Desk Microphone Stand,1,"TK3,029.78"
SweetWaterBassStringsMartinMSP4850,"Martin MSP-4850 SP - 92/8 Medium Acoustic Bass Strings: .045-.105 Medium Gauge Acoustic Bass Strings, Phosphor Bronze",1,"TK2,195.00"
Prestige16012,Prestige Classic Sunburst Flame Maple AAA with Original Hardshell Casing,1,"TK115,000.00"
SDNazgulb-B,Seymour Duncan Nazgûl 6 String Bridge Humbucker - Black,1,"TK9,000.00"
ReverendMERCALLI5FMViolinBurstFlameMaple,Reverend MERCALLI 5 FM Violin Burst Flame Maple Bass with Original Hard Case,1,"TK99,500.00"
ReverendSensei290TobaccoBurst,Reverend Sensei 290 Tobacco Burst with Original Hard Case,1,"TK80,000.00"
DunlopStringWinder,Dunlop String Winder,1,TK350.00
StewMacLow-profile2-wayTrussRodAcousticGuitar,"Low-profile 2-way Truss Rod for Acoustic Guitar: 14-1/4""",1,"TK1,500.00"
MicStandUSDM,Ultimate Support Custom Chrome Dark Magic,1,"TK24,000.00"
MicStandHMS401B,Hercules MS 401B Tilt Base,1,"TK11,000.00"
DrumsAccessoriesEEQ,Evans EQ Pad Bass Drum Muffler,1,"TK2,500.00"
DrumsAccessoriesEG2RP,Evans G2 Coated Rock Pack,1,"TK3,950.00"
DrumsAccessoriesKickPort,"KickPort International Bass Drum Enhancer, Black",1,"TK4,500.00"
DrumsAccessoriesTTW100,Tama TW100 Tension Watch,1,"TK7,500.00"
DrumsSticksNB6000,"Pro-Mark B600 Nylon Bristle Brush (White, Coarse) Pair",1,"TK2,200.00"
DrumsSticksPMCR,Pro-Mark Cool Rod Pair,1,"TK1,750.00"
CarvinVintage16,"Carvin Vintage 16 watt 1x12"" Combo",1,"TK65,000.00"
AllPartsHumbuckingPickupRingsNon-slantedBlackPC-0745-023,"Humbucking pickup ring set. Flat bottoms. Includes one short neck ring and one tall bridge ring. Non-slanted sides. Black Plastic. Outside dimensions 3-1/2"" x 1-3/4"". Inside dimensions 2-3/4"" x 1-1/2""",1,TK750.00
Paypal Transaction Cost,4% added for the Paypal transaction cost,1,TK600.00
EBowPlus,"Ebow EBow Plus Electronic Bow for Guitar: Handheld Battery-powered Electronic ""Energy Bow"" for Guitar",1,"TK8,000.00"
SDBooster,Seymour Duncan Booster Alanog Pedal,1,"TK8,500.00"
FernandesMontereyBass5DeluxeBlack,Fernandes Monterey® Bass 5 Deluxe Black with Original Hard Case,1,"TK95,000.00"
Battery,9 volt,1,TK300.00
GuitarAccessoriesDEC,Decibel Eleven Pedal Palette 4 Pedal Looper,1,"TK35,000.00"
Bass Bridge,Gotoh High Mass Bridge Golden,1,"TK21,500.00"
Pickup Ring,Pickup Ring,1,TK300.00
EffectsPedalFulltoneCatalyst,Fulltone CT-1 Catalyst Fuzz/Boost/Overdive Pedal,1,"TK13,500.00"
Dunlop6574DunlopBodyGloss,Dunlop 6574 Dunlop Body Gloss Wax: Cream of Carnauba,1,"TK1,000.00"
EHXSL,Steel Leather Bass Expander,1,"TK5,000.00"
GuitarShredneckJB,"Shredneck Jason Becker Signature Practice Guitar Neck, Shredneck Tuner Tips Black, Gig Bag",1,"TK11,000.00"
EHXBM,"EHX Bass Metaphors EQ, Compression and Distortion",1,"TK10,000.00"
EHXCTWAH,EHX Crying tone Wah Pedal with Calibration,1,"TK7,000.00"
SDVaporTrailAnalogDelay,Seymour Duncan Vapor Trail Analog Delay,1,"TK12,500.00"
Prestige16022,Prestige Heritage Hollow Sunburst Quilted Maple AAA with Original Hardshell Casing,1,"TK135,000.00"
ReverendUNKNOWNHINSON,Reverend UNKNOWN HINSON with Access Gig Bag,1,"TK95,000.00"
Cordoba20TMCE,Cordoba Ukulele 20TM-CE with Original Gig Bag,1,"TK18,000.00"
EHXRS,EHX Ravish Sitar (Sitar Emulation Pedal),1,"TK20,000.00"
AllParts18-VoltBatteryCompartmentEP-2931-023,"18-Volt Deluxe Battery Compartment, Holds 2 9-Volt batteries, 2-3/16"" x 1-15/16"". Built-in terminals and lead wires. Mounting surface must be at least 2-3/4"" x 2-1/4"" (69.85mm x 57.15mm) and 1-1/4"" (31.75mm) depth required.",1,"TK4,000.00"
AllPartsBassNutBN-2864-00T,Nut for 4 string Bass,1,"TK1,550.00"
ReverendKingboltBlackZibraPickups,Reverend Kingbolt Guitar Black with Zibra Pickups with Original Hard Case,1,"TK85,000.00"
Pickup Screw,Pickup Height Screw for Strat Chrome,1,TK50.00
Pickguad,Fender Accessories Standard Telecaster Pickguard - Black 8-Hole,1,"TK3,000.00"
Vocal Booth sE Electronics,sE Electronics Reflexion Filter PRO Portable Vocal Booth,1,"TK36,800.00"
EFfetsController,One Control Iguana Tail Loop,1,"TK11,000.00"
AllParts25KPush/PullPotEP-0225-000,Push/Pull 25K Audio Taper Potentiometer with Nut and Washer,1,"TK1,800.00"
GuitarStrapPW,"Planet Waves 3"" Bass Strap Padded (Black)",1,"TK2,250.00"
XLR Male Jack,Neutrik XLR Male Jack,1,TK850.00
SDSentientn-B,Seymour Duncan Sentient 6 String Neck Humbucker - Black,1,"TK9,000.00"
E-Drums,Pearl E-Pro Live Custom - Quilted Maple Fade,1,"TK325,000.00"
Great River Preamp,Great River ME-1NV Preamp,1,"TK120,000.00"
BassPickupSDSJB-3,Seymour Duncan Jazz Bass® 4-String Quarter Pound SJB-3 Bridge,1,"TK5,575.00"
FernandesRavelleBassDeluxeBlackSatin,Fernandes Ravelle® Bass 4 String Deluxe Black Satin,1,"TK85,000.00"
AllpartsBP-0023-001,"Vintage style stamped bent steel bridge saddles for Stratocaster®, with springs and screws. Set of 6 nickel finished saddles. 2-3/16"" string spacing. 10.9 x 5.5 x 21mm.",1,"TK3,150.00"
SDSH10b-Z,Seymour Duncan SH-10b Full Shred Zebra,1,"TK8,000.00"
FernandesMontereyEliteTremBC,Fernandes Monterey® Elite Tremolo Black Cherry with Original Hard Case,1,"TK95,000.00"
Exchange,Strings exchange,1,TK400.00
ReverendKingboltSatinArmyGreenZibraPickups,Reverend Kingbolt Guitar Satin Army Green with Zibra Pickups with Original Hard Case,1,"TK80,000.00"
BreedlovePursuitConcertMahagony,Breedlove Pursuit Concert Mahogany Acoustic-Electric Guitar Natural with original gig bag,1,"TK40,500.00"
AllPartsTallSaddleBlackBP-2299-003,"High Saddle for Low Profile Locking Tremolo, Black, with Screw and Block",1,"TK1,850.00"
FulltoneCSWAH,Fulltone CLYDE Standard Wah,1,"TK16,900.00"
AllPartsMediumSaddleBlackBP-2298-003,"Medium Saddle for Low Profile Locking Tremolo, Black, with Screw and Block",1,"TK1,850.00"
AllPartsLowSaddleBlackBP-2297-003,"Low Saddle for Low Profile Locking Tremolo, Black, with Screw & Block",1,"TK1,850.00"
SDSH14-B,Seymour Duncan SH14 Custom 5 Alnico Humbucker Pickup,1,"TK7,500.00"
Pop Filter,On Stage Pop Blocker,1,"TK2,650.00"
Audio Interface,Universal Audio Apollo QUAD - Thunderbolt,1,"TK225,000.00"
EHXMBD,EHX Memory Boy Deluxe Delay,1,"TK16,500.00"
ReverendVolcanoRAFMRedBurst,Reverend Volcano RA FM Guitar Red Burst with Original Hard Case,1,"TK90,000.00"
FernandesRavelleDeluxeTremSusSW,Fernandes Ravelle® Deluxe Tremolo Sustainer Snow White with Original Hard Case,1,"TK95,000.00"
AllPartsTHE KEYIntonatingToolLT-0868-000,"The Key"" Intonating Tool for Floyd Rose® Tremolos. Securely holds saddles in place after loosening them. Twist the knob to make micro-adjustments.",1,"TK3,000.00"
AllPartsPickguardStratocasterPG-0995-050,1HB 2SC Parchment 3-ply Pickguard for Stratocaster®,1,"TK2,450.00"
Midi Cable,Pro Co 1' 5-pin/3-cond MIDI Cable (SN:ME1NV),1,TK410.00
AllPartsCarlingDPDTPedalFootSwitchEP-4155-000,Carling #316-PP Double pole double throw (DPDT) Foot Switch for Pedals. 3A 125V.,1,"TK2,200.00"
AllPartsNutsandWashersforPlasticJacksEP-4973-000,"Extra nuts and washers for plastic jacks. 2 chrome nuts, 2 black washers, 2 black cone washers.",1,TK425.00
AllPartsSwitchcraftWhiteOn-OnSlideSwitchEP-0260-025,"Switchcraft On-On Slide Switch, for Jazzmaster® Jaguar® Brian May, White knob with screws.",1,TK600.00
AllPartsCopperShieldingTapeEP-4991-B00,Bulk roll of copper shielding take with conductive adhesive. One roll measuring 10 feet x 12 inches.,1,"TK6,200.00"
"AllParts1/16""HeatShrinkBulkPackEP-0074-B00","Heat Shrink Tubing, 1/16 inch I.D. X 2 feet Bulk Pack 20 feet.",1,"TK2,400.00"
"AllParts1/8""HeatShrinkBulkPackEP-0073-B00","Heat shrink tubing Bulk Pack 20 feet 1/8"".",1,"TK2,400.00"
AllPartsGoldHumbuckingScrewsGS-0012-002,"Humbucking Pickup Mounting Screws (4) Phillips, with Springs, Gold, #3-48 x 1-1/4"". Set of 4.",1,TK600.00
AllPartsBlackEVHD-TunaBP-2020-003,Black EVH D-TUNA Drop D Mechanism for Floyd Rose® Locking Tremolos,1,"TK7,500.00"
AllPartsGotohNickelFootballJackplateAP-0615-001,Gotoh Nickel Football Jackplate,1,TK600.00
SDP250kPotentiometer,Seymour Duncan 250k Potentiometer,1,"TK1,250.00"
CordobaGKStudioFlamencoElectro-Acoustic,Cordoba GK Studio Flamenco Electro-Acoustic Guitar with Original Gig Bag,1,"TK53,500.00"
DBZBARFMFRTR,DBZ Barchetta Transparent Red (BARFM-FR-TR),1,"TK65,000.00"
RocktronBoutiqueSeriesUnityFloorPedalTuner,Rocktron Boutique Series Unity Floor Pedal Tuner,1,"TK10,000.00"
Bass Pick,Jim Dunlop Lemmy Tin Pack,1,TK500.00
BreedlovePursuitNylon,Breedlove Pursuit Nylon Acoustic-Electric Guitar Natural with original gig bag,1,"TK40,500.00"
SWIntellitouchPT10,Intellitouch PT 10 Clip on Tuner,1,"TK3,500.00"
ReverendRonAshetonOrange,Reverend Ron Asheton Signature Guitar Orange with Original Hard Case,1,"TK85,000.00"
SDSH-12Black,Seymour Duncan SH-12 Screamin' Demon Black,1,"TK9,000.00"
SDSH10n-B,Seymour Duncan SH10 Full Shred Neck Black,1,"TK8,000.00"
SDSPB4,Seymour Duncan Precision Bass® Passive Steve Harris Signature SPB-4,1,"TK7,750.00"
Mic Pre,Manley Mono Microphone Preamplifier ,1,"TK190,000.00"
CarvinCTM100TubeCondenserMicrophone,Carvin CTM100 Tube Condenser Microphone,1,"TK45,000.00"
FulltoneGSN10SS,Fulltone Gold Standard 10' Cable Straight to Straight,1,"TK3,000.00"
FulltonePS,Fulltone Plimsoul,1,"TK17,500.00"
Fulltone70BC,Fulltone  70-BC pedal,1,"TK15,000.00"
Guitar Effects Processor,Line 6 POD HD500X Guitar Multi-Effects Processor,1,"TK48,000.00"
Fulltone69MKII,Fulltone  69 mkII pedal,1,"TK17,500.00"
Electric Guitar Hard Shell Case,Reverend Electric Guitar Hard Shell Case,1,"TK12,000.00"
Harmonica Holder,Hohner HH-01 Harmonica Holder,1,"TK1,150.00"
SDSH1N,Seymour Duncan SH-1n '59 Model (Neck) Black,1,"TK8,000.00"
MXRM82,MXR M82 Bass Envelope Filter Pedal,1,"TK15,000.00"
CarvinBoltTTransPearlBlue,Carvin BOLT-T Six String Electric Guitar with Wilkinson Tremolo Translucent Pearl Blue with Original Hardshell Casing,1,"TK110,000.00"
Tech21BritishV2,Tech 21 SansAmp Character Series British V2,1,"TK15,000.00"
AllpartsBP-0071-002GoldTremoloArm,"Screw-in metric tremolo arm, 6mm diameter, Gold finish. Fits most imports and the original Floyd Rose®.",1,TK960.00
DBZBARFMFRTGE,DBZ Barchetta Tiger Eye (BARFM-FR-TGE) with Original DBZ Hardcase.,1,"TK65,000.00"
FernandesDragonflyDeluxeBlue,Fernandes Dragonfly® Deluxe See Thru Blue with Original Hard Case,1,"TK81,500.00"
AllPartsPC-0743-023PickupRings,PC-0743-023 Humbucking Pickup Rings Slanted Black Plastic,1,TK750.00
FulltoneMDV,Fulltone Mini Deja'Vibe,1,"TK21,500.00"
SDSHR1B-W,Seymour Duncan Hot Rails™ for Strat SHR-1 (Bridge) White,1,"TK7,500.00"
SDSH13,"Seymour Duncan ""Dimebag"" Darrell Dimebucker SH-13 (Black)",1,"TK9,500.00"
Studio Accessories,On-Stage Stands MBS5500: Articulating Mic Boom with Steel Stand and Zinc-cast C-clamp Mount,1,"TK7,900.00"
MXRM87,MXR M87 Bass Compressor,1,"TK18,000.00"
SweetwaterOn-StageStandsGS7361,On-Stage Stands GS7361 - 3-Space Foldable Multi Guitar Rack,1,"TK6,075.00"
Advance Paid,9400 taka advance paid as per system,1,TK0.00
CarvinSNK24PCableSnake,Carvin SNK24P Conventional 100 Feet 24 Channel Cable Snake,1,"TK48,500.00"
CarvinB2000-10.4HalfStackBassSystem,"Carvin B2000-10.4 Half Stack Bass System: Package Includes: B2000 Bass Head, BRX10.4 Cabinet and PRO5TL Speaker Cable",1,"TK132,000.00"
Acoustic Bass,Breedlove Passport B350/Sme-4 with Gig Bag,1,"TK48,000.00"
AcousticGuitarBL,Breedlove Passport C200/SMP with Gig Bag,1,"TK24,000.00"
CarvinDB35DollyBoard,Carvin DB35 Dolly Board,1,"TK10,000.00"
ReverendMercalli4BassCopperFire,Reverend Mercalli 4 Bass Copper Fire with original Hard Case,1,"TK85,000.00"
Apogee Mic,Apogee Mic,1,"TK18,000.00"
CarvinXB76EmeraldGreenQuilt,Carvin XB76 Six String Bass Emerald Green Quilt with Original Hardshell casing,1,"TK180,000.00"
ReverendKingboltRAMetallicGoldBurst,Reverend Kingbolt RA Guitar Metallic Gold Burst with Original Hard Case,1,"TK85,000.00"
AllPartsSperzel6-in-lineGoldLockingTunersTK-7467-002,"Sperzel Locking Keys, Gold plated, 6L, 12:1, with bushings and washers. String posts have graduated heights . Single pin mount, no mounting screws needed. For 9/16"" - 11/16"" thick headstocks, requires 10mm (13/32"")-diameter holes.",1,"TK17,000.00"
SDST591,Seymour Duncan Little ‘59™ for Tele ST59-1  (Bridge) Black,1,"TK7,750.00"
SDSSl5-W,Seymour Duncan Strat® Custom Staggered SSL-5 (White),1,"TK6,250.00"
SDSHR1B-B,Seymour Duncan Hot Rails™ for Strat SHR-1 (Bridge) Black,1,"TK7,500.00"
AllPartsSB-5200-002OriginalFloydRoseLockingTremoloGold,"The original Floyd Rose® locking tremolo system in gold finish. Made in Germany by Schaller. Includes matching R2 locking nut, tremolo arm, string guide, and mounting hardware.",1,"TK45,000.00"
AllPartsPK-0154-025WhiteVolumeKnobs,"Volume Knobs (Qty 2), White, for Stratocaster® fits USA split shaft pots",1,TK600.00
Drums Maintenance,Dunlop 6400 System 65 Cymbal and Drum Care Kit,1,"TK1,750.00"
PowerSupplyAccessory,EHX 9v Power Adaptor,1,"TK1,250.00"
Bass Gig Bag,Carvin Bass Gig Bag,1,"TK3,000.00"
AllPartsPK-0153-025WhiteToneKnobs,"Tone Knobs (Qty 2), White, for Stratocaster® fits USA split shaft pots",1,TK600.00
AllPartsGS-0008-002GoldHumbuckingRingScrews,"Humbucking Pickup Ring Screws (8 pieces), Tall, Gold, #2 x 3/4""",1,TK550.00
AllPartsGS-0007-002GoldSingleCoilPickupScrews,"Pickup Mounting Screws (8) for Stratocaster® with Six Springs, Gold, #6 - 32 x 3/4""",1,"TK1,100.00"
AllPartsGS-0001-002GoldPickguardScrews,"Gold pickguard screws, 20 pieces, Phillips head, #4 x 1/2 inch.",1,"TK1,600.00"
AllPartsPC-0446-025PickupCoversStrat,White plastic pickup cover set for Stratocaster®. No holes. Includes 3 pieces. 3 inch screw hole spacing. Inside dimensions 5/8 x 2 and 11/16 inch.,1,TK750.00
DiagoPowerSupplyPowerstationPS01,"Diago Power Supply (PS01) 3A with 1 x Powerstation Base Unit, 1 x Deluxe Daisy Chain, 1 x AC Mains Cable, 1 x Strip of Velcro, 1 x Instruction Manual",1,"TK7,500.00"
Tech21ProgBassDriverDI,Tech 21 SansAmp Programmable Bass Driver DI,1,"TK18,500.00"
HerculesGuitarStandsGS432B,"Hercules Stands GS432B Hanging Guitar Stand - Triple: Three-space Guitar Stand for Electric, Acoustic, and Bass Guitars, with Specially-formulated Foam Covering, Folding Backrests, and 66 lbs. Capacity",1,"TK12,500.00"
Midi Controller,Novation Launchpad Mini: Compact Pad Controller with 64 x Tricolor Backlit Performance Pads and 16 x Programmable Soft Buttons,1,"TK11,000.00"
Amp Service,Amp Service and Modification,1,"TK1,000.00"
DBZBBRCRX,DBZ Bare Bones Religion Crucifixion (BBR CRX) with Original DBZ Hardcase.,1,"TK50,000.00"
MXREVH90,MXR EVH Phase 90,1,"TK12,500.00"
Midi Interface,"IK Multimedia iRig PRO Audio/MIDI Interface - iOS/Mac: iOS/USB Audio Interface with Balanced Input, 24-bit Resolution, and 48V Phantom Power - Mac/iOS",1,"TK16,000.00"
drums Trigger,ddrum Red Shot Trigger Kit: 5-piece Acoustic Drum Trigger Kit with 4 Snare/Tom Triggers and 1 Kick Trigger,1,"TK12,000.00"
ReverendSenseiRAFMBlueBurst,Reverend Sensei RA FM Guitar Blue Burst without Hard Case,1,"TK75,000.00"
Tech21BlondeV2,Tech 21 Character Series Blonde V2,1,"TK15,000.00"
DunlopClassicalStringSetDVPV101,Dunlop Premier Series Classical Guitar 6 String Set Straight End Normal Tension (DVPV101),1,TK600.00
ReverendSixGunIIITobaccoBurst,Reverend Six Gun III Guitar Tobacco Burst with Original Hard Case,1,"TK90,000.00"
Carvin TS100 100W Tube Power Amp,Carvin TS100 100W Tube Power Amp,1,"TK60,000.00"
WamplerPlextortion,Wampler Plextortion,1,"TK19,000.00"
AllPartsSperzel6-in-lineChromeLockingTunersTK-7467-010,"Sperzel 6-in-line Chrome Locking Tuners: Sperzel Locking Keys, Chrome plated, 6L, 12:1, with bushings and washers. String posts have graduated heights . Single pin mount, no mounting screws needed. For 9/16"" - 11/16"" thick headstocks, requires 10mm (13/32"")-diameter holes.",1,"TK9,500.00"
Tech21Leeds,Tech 21 Character Series Leeds,1,"TK15,000.00"
FernandesMontereyBass4XBlack,Fernandes Monterey® Bass 4 X Black,1,"TK35,000.00"
DunlopStrapLockSLS1032BR,Dunlop Dual Design Straplok System - Bronze,1,"TK1,800.00"
DunlopDBN45130,Dunlop Electric Bass 5 Strings Nickel Medium 45-130,1,"TK1,800.00"
RotosoundBassStringsRS665LDN,Rotosound RS665LDN Swing Bass 66 Nickel Roundwound Long Scale 5-String Bass Strings .045-.130,1,"TK3,000.00"
StrapLkDDBlk,Dunlop Dual Design Straplok System - Black,1,"TK1,350.00"
Expression Pedal,Source Audio SA161 Dual Expression Pedal,1,"TK10,500.00"
FernandesTrituradorDeluxeBlack,Fernandes Triturador® Deluxe Black with Original Hard Case,1,"TK105,000.00"
Vat and Tax,Vat and Tax,1,TK0.00
DBZBBRDKA,DBZ Bare Bones Religion Dark Angel (BBR DKA) with Original Hardcase.,1,"TK52,500.00"
CarvinV3MCombo,"Carvin V3M Micro Combo 3 Channel Tube Amp: V3 Series 3-channel tube amp, 50 watt with Footswitch (FS44L) and Original heavy Duty Cover.",1,"TK95,000.00"
Tech21TradeMark30,Tech 21 Trademark 30 with original cover and footswitch,1,"TK33,000.00"
DBZHailfireHFR4FM,DBZ Hailfire Bass FM 4 String Transparent Red (HFR4FM) with Original DBZ Gigbag,1,"TK85,050.00"
DBZBBRDVL,DBZ Bare Bones Religion Devil (BBR DVL) without case,1,"TK40,000.00"
CordobaClassicalGuitarC5-CE,Cordoba Classical Guitar C5-CE Electro-Acoustic with Original Gig Bag,1,"TK30,000.00"
CarvinMB15,Carvin MB15 250 watt Combo Bass Amp,1,"TK45,000.00"
DunlopDEN0946,Dunlop Electric Strings Light Top Heavy Bottom Nickel 09-46,1,TK450.00
KangertechProTank2,Kanger Tech Pro Tank Glass Atomiser,1,"TK1,500.00"
LavaSolderedPedalBoardKitANGLEDLCPKTA,"Lava Soldered Pedal Board Kit : 10 Angled Plugs with 10' Cable, Cutter",1,"TK8,500.00"
FenderAmericanDeluxeJazzBass3TSB,"Fender American Deluxe Jazz Bass (3 Color Sunburst) : 4 string Electric Bass with Alder Body, Maple Neck, Rosewood Fingerboard, and 2 Single coil Pickups, 3 color Sunburst with Original Hardshell Casing.",1,"TK160,003.20"
Installation and Consultancy,Installation and Consultancy,1,"TK20,000.00"
Zoom H2n Handy Recorder,Zoom H2n Handy Recorder,1,"TK18,000.00"
SDCustomStackPlusSTK-S6BridgeParchment,Seymour Duncan Custom Stack Plus STK-S6 Bridge Parchment,1,"TK7,500.00"
SDClassicStackPlusSTK-S4MiddleParchment,Seymour Duncan Classic Stack Plus STK-S4 Middle Parchment,1,"TK7,500.00"
SDVintageHotStackPlusSTK-S7NeckParchment,Seymour Duncan Vintage Hot Stack Plus STK-S7 Neck Parchment,1,"TK7,500.00"
AllPartsFenderNeckplate099-1445-100,"American Series Guitar Neck Plate, Chrome. Includes 4 mounting screws. Has hole for tilt adjustment. Reads ""Fender® Corona California"". No-Serial Number.",1,"TK2,200.00"
MXRM148,MXR M148 Micro Chorus,1,"TK7,000.00"
AllPartsFenderStringGuide099-4911-000,"American Series String Guides, Set of 2, Chrome, with hardware",1,"TK1,200.00"
AllPartsReplacementNeckforStratSMF,"22 Jumbo modern fretsMaple neck with vintage tinted polyurethane finish12"" radiusNut width 1-5/8""Heel width 2-3/16""Tuning peg hole diameter .340""Truss Rod adjustment at heelNeck thickness .85"" at first fret, .95"" at twelfth fret",1,"TK34,000.00"
AllPartsChromeBarrelStringGuidesAP-0727-010,"Barrel String Guides (2) with screws for Guitar, Chrome plated.",1,TK750.00
AllPartsChromeJackplateAP-0610-010,"Chrome Jackplate for Stratocaster, With Screws",1,TK750.00
AllParts.022AuricapXOCapacitorEP-4392-000,"Auricap XO high resolution capacitor. Sonically transparent . .022 mfd, 600 volt.",1,"TK2,200.00"
PrestigeHeritageStandardSBQM,Prestige Heritage Standard Sunburst Quilt Maple AAA with Original Hardshell Casing,1,"TK105,000.00"
AllPartsCTS500KSealedPremiumAudioPotEP-4086-000,"500K CTS sealed 283 premium pot, special Allparts audio taper, split shaft, with hardware",1,"TK1,500.00"
power accessories,"Voodoo Lab Pedal Power 18-volt Y Cable - 18"" Str-Str Y 18v",1,"TK1,000.00"
AllPartsParchmentPearloidTremoloSpringCoverPG-0556-065,"Tremolo Spring Cover, Parchment Pearloid 3-ply (PP/with B)",1,"TK1,800.00"
AllPartsSunburstFinishedReplacementBodyforStratSBF-3SB,"Replacement body for Stratocaster®, Alder, Tremolo Routing, with 3-Tone Sunburst finish. Stratocaster® is a registered trademark of Fender® Musical Instruments Corp.",1,"TK42,500.00"
AllPartsParchmentPearloidPickguardforStratPG-0552-065,"Pickguard for Stratocaster®, Parchment Pearloid 3-ply (PP/with B) (11 screw holes). Gloss finish with foil conductive shielding on the back.",1,"TK4,750.00"
AllPartsGotohSG381-MGTLockingMiniKeysChromeTK-0768-010,"Gotoh SG381-MGT locking tuning keys, minis, 6-in-line, Chrome with lock knob on back of key, 16:1 ratio. Includes three 18.5mm post length tuners and three 20mm post length tuners.",1,"TK10,000.00"
AllPartsBN-2219-00NGraphTechBQL-5000-00PTFENut,Graph Tech BQL-5000-00 TUSQ XL - Stratocaster® style curved bottom nut. PTFE impregnated for permanent lubrication. Fits most American and import Stratocaster® and Telecaster® style guitars.,1,"TK1,850.00"
WamplerClarksdaleDeltaOverdriveDistortion,"Wampler Clarksdale Delta Overdrive Pedal: Distortion/Overdrive Guitar Pedal with 3-band EQ, Lift/Smooth Toggle Switch, Drive and Volume Controls, and True Bypass Relay Switch",1,"TK19,000.00"
SDSHR1N-B,Seymour Duncan Hot Rails™ for Strat SHR-1 (Neck) Black,1,"TK7,500.00"
ReverendBayonetDeepSeaBlueTrem,Reverend Bayonet Guitar Deep Sea Blue Tremolo with Original Hard Case,1,"TK82,500.00"
FernandesRetrorocketEliteBlueBurst,Fernandes Retrorocket ® Elite See-thru Blue Burst with Original Hard Case,1,"TK105,000.00"
FulltoneSPKRCBL,Fulltone SC6 6' Speaker Cable,1,"TK3,500.00"
Input Jack,Input Jack,1,"TK1,000.00"
AllPartsTremol-NoPinTypeBP-2005-010,Tremol-No™ Pin Type Tremolo Locking Device with hardware,1,"TK9,350.00"
BreedlovePassportC200SMP,Breedlove Passport C200/SMP with Original Gig Bag,1,"TK26,000.00"
SDSA3SC,Seymour Duncan Acoustic Guitar SA-3SC Woody Single Coil Pickup,1,"TK5,000.00"
Guitar Cabinet,Diamond Vanguard 1x12 Cabinet,1,"TK30,000.00"
PrestigeHeritageStandardBlack,Prestige Heritage Standard Black with Original Hardshell Casing,1,"TK90,000.00"
FernandesDragonflyProSusAmber,Fernandes Dragonfly® Pro Sustainer See Thru Amber with Carvin Gig Bag,1,"TK53,500.00"
Apogee Jam,Apogee Jam,1,"TK9,000.00"
SDAHB2B,Seymour Duncan AHB-2b Blackout Metal Bridge Humbucker Black,1,"TK9,500.00"
DiagoGuitarAmpHeadLS01,Diago Little Smasher 5W Guitar Amp Head (LS01),1,"TK16,500.00"
FernandesMontereyDeluxeTremSusWRS,Fernandes Monterey® Deluxe Tremolo Sustainer Wine Red Satin with Original Hard Case,1,"TK88,000.00"
FernandesMontereyBass5XBlack,Fernandes Monterey® Bass 5 X Black,1,"TK40,000.00"
CarvinMB10,Carvin MB10 250 watt Combo Bass Amp,1,"TK35,000.00"
DunlopDB01,Dunlop Dime Cry Baby From Hell,1,"TK14,500.00"
Guitar Strap Button,Carvin E2B STRAP BUTTONS - BLACK (Set of two),1,TK350.00
Guitar Jack,Carvin FJ1B BLACK FLUSH MOUNT JACK,1,TK750.00
ReverendCharger290TB,Reverend Charger 290 Tobacco Burst with Original Hard case,1,"TK85,000.00"
Daisy Chain,Daisy Chain Power Connectors,1,"TK1,000.00"
De-Glue Goo,De-Glue Goo dissolves waterbase glues,1,"TK1,200.00"
Carvin in ear monitor,Carvin In Ear Monitor,1,"TK38,000.00"
FernandesVortexEliteSusBlackBarbWire,Fernandes Vortex® Elite Sustainer Black with White Bevels Barb Wire Fretboard,1,"TK90,000.00"
VisualSound1SPOTMultiPlug8Cable,Visual Sound 1 SPOT Multi Plug 8 Cable,1,"TK1,650.00"
EHXBBN,EHX Bassballs Nano,1,"TK5,500.00"
ProMarkNylonBrushB400,ProMark B400 Retractable Nylon Brush,1,"TK2,000.00"
DBZBARFMFRTBU,DBZ Barchetta Transparent Blue (BARFM-FR-TBU) with Original DBZ Hardcase,1,"TK75,000.00"
FulltoneTPABYHT,Fulltone True-Path ABY Hard Touch,1,"TK21,500.00"
DiagoPowerBlueAdaptorPS04,Diago Blue Adaptor (PS04),1,TK0.00
MXRDD11,MXR Dime Distortion,1,"TK11,500.00"
DiagoPowerIsolatorAdaptorPS09,Digo Isolator Adaptor (PS09),1,"TK2,000.00"
CordobaFlamencoCrossover55FCEThinbody,Cordoba Flamenco Crossover 55FCE Thinbody Electro-Acoustic with Original Humi-Case Hard Case,1,"TK115,000.00"
Dunlop6582UltraGlideStringCleanerConditioner,Dunlop 6582 UltraGlide String Cleaner and Conditioner,1,TK500.00
ReverendThundergunWineRed,Reverend Thundergun Bass Wine Red with Original Hard Case,1,"TK100,000.00"
FloydRoseTheKey,The Key: The unique tool that makes Original Floyd Rose tremolo intonation easy and precise.,1,"TK1,200.00"
Tech21Trademark60,Tech 21 Trademark 60 with original cover and footswitch,1,"TK50,000.00"
EHXVP,EHX Volume Pedal,1,"TK7,000.00"
Wamplerdecibel+,"Wampler decibel+ Buffer/Boost Boost/Buffer Pedal with Variable Gain, True Bypass",1,"TK13,500.00"
WamplerLatitudeDeluxeTremolo,"Wampler Latitude Deluxe Tremolo Pedal: Tremolo Pedal with Attack, Depth, Speed, Space, and Level Controls, Note Sub-division Selection, Tap Tempo, Waveform Selector, and True Bypass",1,"TK23,000.00"
DecibelElevenPedalPalette,Decibel Eleven Pedal Palette 4 Pedal Looper,1,"TK36,500.00"
FernandesRevolverEliteJSSignatureSusRedCam,Fernandes Revolver® Elite JS Signature Sustainer Red Camo with Original Hard Case,1,"TK125,000.00"
JamHubBedRoomJHBedRoom,"JamHub BedRoom: 5-section, 15 Audio Channel Silent Rehearsal Studio with XLR and TRS Inputs, Stage Function, Stereo Recording Output, and Built-in Effects.",1,"TK36,000.00"
MXRM102,MXR Dyna Compressor,1,"TK6,500.00"
WamplerHotWiredV2,Wampler Hot Wired V2,1,"TK25,000.00"
Tech21USMetal,Tech 21 Character Series U.S. Metal,1,"TK15,000.00"
PedalTrainMiniSC,PedalTrain Mini with Soft Case: (PT-MINI-SC):  Frame - 21x7x1 inches,1,"TK7,500.00"
ReverendJustice3TSB,Reverend Justice Bass 3 Tone Burst with Original Hard Case,1,"TK92,500.00"
MXRM101,MXR Phase 90,1,"TK8,500.00"
MXRM78,MXR Custom Badass '78 Distortion:,1,"TK7,500.00"
CordobaFusion12OrchestraCE,Cordoba Fusion 12 Orchestra CE Electro-Acoustic with Original Gig Bag,1,"TK42,500.00"
ReverendReevesGabrelsIIOrange,Reverend Reeves Gabrels II Signature guitar Transparent Orange,1,"TK110,000.00"
WhitePearloidStratocasterOutlinePG-0992-055,"Pickguard Outline for Stratocaster®, (No Holes) White Pearloid 3-ply (WP/W/B)",1,"TK4,800.00"
SDSH6B,Seymour Duncan SH-6b Duncan Distortion Pickup Bridge (Black),1,"TK7,000.00"
ChromeJackplateAP-0610-010,"Chrome Jackplate for Stratocaster, With Screws",1,TK750.00
FernandesTonyCamposTremor5DeluxeLavaBurst,Fernandes Tony Campos Tremor 5 Deluxe Lava Burst with Original Hard Case,1,"TK95,000.00"
StrapLockSLS1033BK,Dunlop Dual Design Straplok System - Black,1,"TK1,300.00"
GuitarStringsGBUL,GHS GBUL Guitar Boomers Roundwound Ultra Light Electric Guitar Strings: .008-.038,1,TK500.00
VooDooLabsPowerCableRS242RAS,"Voodoo Lab 2.1mm Pedal Power Cable - 24"" Ang-Str 2-pk",1,TK700.00
9-VoltTopMountBatteryCompartmentEP-2929-023,"9-Volt Deluxe Battery Compartment, Access door, Black, 2-3/16"" x 1"" . Has a 4-screw mounting flange. Built-in terminals and lead wires. Mounting surface must be at least 1-1/4"" x 2-1/2"" (31.75mm x 63.50mm) and 1-1/2"" (38.10mm) depth.",1,"TK2,000.00"
FenderCRL5-WayStratocasterSwitchEP-0076-000,"5-Way Switch, With stainless steel screws for Stratocaster®, The Original CRL Switch. Made in the USA.",1,"TK2,000.00"
CarvinFlushMountJackFJ1B,Carvin FJ1B BLACK FLUSH MOUNT JACK,1,"TK1,000.00"
CTSLongShaft500KSplitShaftAudioPotEP-0686-000,"500K Audio Pot, 3/4 Long Threaded Bushing, CTS, 24 spline split knurled shaft with nut, lock and dress washer. Threaded bushing is 3/4"" tall.",1,"TK1,000.00"
BlackMetalKnobsMK-3330-003,Black barrel knob with indicator and set screw. Fits import concentric pots and split shaft pots. Measures 3/4 x 3/4 inch.,1,TK900.00
BreedlovePassportC250CMeFS,Breedlove Passport C250/CMe-FS acoustic-electric guitar,1,"TK48,500.00"
BreedlovePassportPLUSC250COe,Breedlove Passport PLUS C250/COe acoustic-electric guitar with Original Gig Bag,1,"TK48,500.00"
ISPNoiseGateDecimatorV2,ISP Technologies Decimator II Noise Suppressor Pedal,1,"TK14,500.00"
GuitarAmpPignoseBrown,"Pignose Amps Pignose 1x5"" 5-Watt Combo - Brown Original Pignose 5W 5"" Practice Amplifier with Power Supply",1,"TK10,000.00"
CordobaGKStudioNegraFlamencoElectro-Acoustic,Cordoba GK Studio Negra Flamenco Electro-Acoustic Guitar with Original Gig Bag,1,"TK56,000.00"
Dunlop6434CymbalCleanerPolish,Dunlop 6434 Cymbal Cleaner and Polish,1,TK500.00
DigitechBassWhammy,"DigiTech Bass Whammy: Pitch Shifter/Harmony Pedal for Electric Bass Guitar, with Three Octave Pitch Range and Built-in Expression Pedal",1,"TK22,500.00"
Audio Inteerface,"Behringer iS202: Recording Dock for Apple iPad, with 2 XLR/TRS Inputs, MIDI I/O, Composite Video Output, and USB Connection for Use with iPad Apps",1,"TK10,000.00"
EB4061,Ernie Ball Chrome Stud Black Leather Strap,1,"TK4,000.00"
GuitarTuningMachineHeadsGrover505C6,"Grover 505C6 Mini Roto-Grip Locking Rotomatics Tuners - 6-In-line - Chrome: Mini Locking Tuning Machine Heads for Guitar with 18:1 Gear Ratio, 6-in-line Configuration, .391"" Hole Size, and Included Mounting Hardware - Chrome",1,"TK8,500.00"
FulltoneSB2,Fulltone  Soul Bender SB-2,1,"TK17,500.00"
Carvin UX1000-BP WirelessSystem,CARVIN UX1000-BP UHF WIRELESS SYSTEM RECEIVER AND BODY PACK TRANSMITTER WITH UXGT (1/4 in. Guitar Cable for Wireless Systems),1,"TK40,000.00"
DiamondBOLSTP15-MV,Diamond Guitars Bolero BOLSTP15-MV - Midnight Violet,1,"TK49,000.00"
Electric Bass,Fernandes Monterey® Bass 4 Deluxe Black with Original Hard Shell Casing,2,"TK219,200.00"
DiamondBOLSTE14-MTB,Diamond Guitars Bolero BOLSTE14-MTB - Elite Black,2,"TK106,000.00"
Cymbal Cleaning Polish,Zildjian Cymbal Cleaning Polish,2,"TK3,000.00"
Dunlop Brass Slide 222,Dunlop Moonshine Slide,2,"TK2,000.00"
FulltoneSC6SSSpeakerCable,Fulltone SC6-SS Speaker Cable,2,"TK8,000.00"
ENGLENZ4Footswitch,ENGL ENZ4 Foot Switch,2,"TK21,000.00"
BreedlovePassportOMMMe,Breedlove Passport OM/MMe acoustic-electric guitar with Original Gig Bag,2,"TK85,000.00"
SDSH8B,Seymour Duncan SH-8b Invader Humbucker Pickup Bridge (Black),2,"TK15,750.00"
Carvin S5 5-Way Lever Switch,Carvin S5 5-Way Lever Switch,2,"TK2,000.00"
Tube,Carvin 12AX7 Tube,2,"TK4,000.00"
SDHBCoverNickel11800-20-NC,Seymour Duncan HB Cover Nickel,2,"TK3,000.00"
Dunlop 6500 System 65 Guitar Maintenance Kit,Dunlop 6500 System 65 Guitar Maintenance Kit,2,"TK3,900.00"
WamplerPinnacleDeluxe,Wampler Pinnacle Deluxe Overdrive Pedal,2,"TK45,000.00"
ReverendDoubleAgentIIIBlack,Reverend Double Agent III Guitar Black with Original Hard Case,2,"TK180,000.00"
DrumsSticksZASTG,Zildjian Artist Series Trilok Gurtu Pair,2,"TK2,500.00"
GigBag,Carvin Gig Bag,2,"TK13,500.00"
DBZBOPFM3TR,DBZ Bird of Prey FM3 Transparent Red (BOPFM3-TR) with Original Hardcase.,2,"TK199,000.00"
OneControlIguanaTail,One Control Iguana Tail Loop five-channel loop switcher,2,"TK23,000.00"
OneControlBJFBuffer,One Control BJF Buffer,2,"TK22,000.00"
WamplerEuphoria,Wampler Euphoria Over Drive,2,"TK38,000.00"
Previous Dues,Previous Dues for Installation,2,"TK49,250.00"
CarvinDCM200LUltraLight200WPowerAmp,Carvin DCM200L Ultra Light 200W Power Amp,2,"TK70,000.00"
BlackStackedKnobsMK-3320-003,"One complete black concentric stacked knob (1 upper knob, 1 lower knob). Includes set screws. Each knob has an indicator dot. Fits EMG, Duncan, Bartolini, and other applications. Total height of 23mm.",2,"TK3,400.00"
CarvinUX-LP1LavalierMic,Carvin UX-LP1 Lavalier Mic,2,"TK24,000.00"
EHXTT,EHX Tone Tattoo Multi-effects Pedal,2,"TK38,000.00"
BlackDomeKnobsMK-0110-003,Black dome knob with set screws. Domes have a slightly flattened top. Fits USA solid shaft pots. Measures 13/16 inch tall x 3/4 inch wide.,2,"TK1,500.00"
SDSH2N,Seymour Duncan SH2-n Jazz Humbucker Pickup,2,"TK14,500.00"
GuitarPickupDMSD,DiMarzio Super Distortion Pickup (Black F-Spaced),2,"TK14,000.00"
PowerSupplyVS8PDC,Visual Sound 1 SPOT 8-Plug Daisy Chain,2,"TK3,150.00"
OneControlPower,One Control Micro Distro Pedal Power Supply,2,"TK25,000.00"
Pickup,Seymour JB Trembucker,2,"TK8,300.00"
HumbuckingPickupRingsNon-slantedBlackPC-0745-023,"Humbucking pickup ring set. Flat bottoms. Includes one short neck ring and one tall bridge ring. Non-slanted sides. Black Plastic. Outside dimensions 3-1/2"" x 1-3/4"". Inside dimensions 2-3/4"" x 1-1/2""",2,TK800.00
Shipping and Tax,2 KG @ 2890,2,"TK11,910.00"
FulltoneFB3,Fulltone FAT-BOOST 3,2,"TK23,000.00"
OneControlOC10,One Control Crocodile Tail Loop Controller,2,"TK98,000.00"
SDSH10n-Z,Seymour Duncan SH-10n Full Shred Zebra,2,"TK16,000.00"
Guitar Slide,Dunlop Moonshine C215,2,"TK1,975.00"
Guilele,Cordoba Guilele Pack,2,"TK18,000.00"
DunlopM237,Dunlop DC Brick,2,"TK19,000.00"
GuitarStrapMSSC8SD-BLK,Levy's MSS8SD Cotton with Nickel Studs Guitar Strap - Black,2,"TK6,000.00"
Midi Solution,iConnectivity iConnectMIDI4+,2,"TK19,280.00"
StewMacAlphaControlPots25Kohm,Alpha Control Pots - 25K-ohm,2,"TK2,000.00"
dums stick,Vick Firth 7A,2,"TK1,850.00"
Ukelele,Cordoba Ukulele 20TM-CE,2,"TK25,500.00"
StewMacMiniToggleSwitchesOn/OnChrome,Mini Toggle Switches - On/On chrome,2,"TK2,000.00"
SavarezNylonString500AJ,Savarez High Tension Nylon String Set 500 AJ,2,"TK4,300.00"
AllPartsBattenStringDamper6-in-lineAP-6721-003,"String Damper by Jennifer Batten - allows for cleaner and clearer playing by controlling feedback. For 6-in-line headstocks. Includes 7/64 inch hex wrench, attachment screws, and pad.",2,"TK14,400.00"
AllPartsHipshotTremsetterBP-0607-010,"Hipshot Tremsetter, Tremolo Stabilizer. Improves guitar performance by automatically returning your full floating tremolo to an exact ""zero"" neutral position, eliminating flutter and sag, so your guitar remains in tune. You can bend strings, play bridge harmonics, aggressive rhythm parts or mute strings and the bridge remains stable. Completely retrofits; no drilling or modification required.",2,"TK15,000.00"
AllPartsRollerGuitarStringGuidesAP-0726-023,Roller String Guides (2) for guitars. Two screws included.,2,"TK2,200.00"
AllPartsTremol-NoSmallClampBP-2007-010,"Tremol-No™ Small Clamp, Tremolo locking device with hardware",2,"TK18,700.00"
Classical Guitar,Dunlop Premier Series Classical Guitar 6 String Set ,2,"TK25,600.00"
SDJBPBHb-Z,"Seymour Duncan Jason Becker Signature ""Perpetual Burn"" Bridge Humbucker Zebra",2,"TK18,500.00"
Monitor Isolation,IsoAcoustics ISO-L8R155 - Medium (Pair) Monitor Isolators,2,"TK20,000.00"
AllParts4-Pole5-WaySuperSwitchEP-0078-000,"4-Pole, Double Wafer, 5-Way Super Switch for Guitar, With stainless steel screws,  1-7/16"" Cavity depth required; 1-5/8"" screw spacing; 1/16"" x 1-1/16"" slot required",2,"TK5,300.00"
Output Jack,Ernie Ball Mono Female Guitar Output Jack,2,"TK2,050.00"
MXRM169,MXR Carbon Copy Analog Delay,2,"TK29,500.00"
OrangeDropCapacitor,Orange Drop Capacitor,2,"TK1,000.00"
Pedaltrain,Pedaltrain nano Softcase ,2,"TK16,000.00"
Harmonica,Hohner 1501/7 Bluesband 7-pk,2,"TK7,400.00"
AllPartsBlackUSAStratocasterSwitchTipsSK-0710-023,"Switch Knob for Stratocaster USA Switch, Black",2,TK900.00
Pedal Switcher,EC Pedals Super Switcher II,2,"TK83,000.00"
Body Routing,Body Routing Work,2,"TK3,000.00"
StewMacMiniToggleSwitchesOn/On/OnChrome,Mini Toggle Switches - On/On/On chrome,2,"TK2,000.00"
Guitar Bridge,Carvin CWB RH WILKINSON TREMOLO - BLACK,2,"TK20,000.00"
AllPartsGotohBlackTrebleSideBassKeyTK-0923-L03,"Single Gotoh treble side bass key, with mounting hardware. Black finish, 20:1 ratio. String Post is 3/8 inch wide. Outer bushing is .5 inch wide. Requires 9/16 inch peg hole.",2,"TK5,000.00"
DecibelElevenPowerSupplyDEHSDEU,Decibel Eleven DB11-HSD-EU Hot Stone Deluxe Power Supply - 230V,2,"TK34,000.00"
SDSH55B,Seymour Duncan Seth Lover SH55B,2,"TK21,000.00"
SDSH55N,Seymour Duncan Seth Lover SH55N,2,"TK21,000.00"
AllPartsGotohBlackBassSideBassKeyTK-0923-003,"Single Gotoh bass side bass key, with mounting hardware. Black finish, 20:1 ratio. String Post is 3/8 inch wide. Outer bushing is .5 inch wide. Requires 9/16 inch peg hole.",2,"TK5,000.00"
Velcro,"Velcro Industrial Strength Sticky-Back Hook & Loop Fasteners, Black, 2inX15 Foot Roll (VEK90197)",2,"TK2,000.00"
RoomKit2x2,Room Acoustics Panel 2 x 2 Feet,2,"TK10,000.00"
RoomKit2x4,Room Acoustics Panel 2 x 4 Feet,2,"TK24,000.00"
CarvinDB3210TRX3210DOLLYBOARD,Carvin DB3210 TRX3210 Dolly Board,2,"TK39,000.00"
CarvinPRO50TL,Carvin PRO50TL 50 Foot Speakon Speaker Cable,2,"TK17,000.00"
CarvinPRO5TL5FootSpeakonSpeakerCable,Carvin PRO5TL 5 Foot Speakon Speaker Cable,2,"TK7,000.00"
MXRM109,MXR Six Band EQ,2,"TK14,000.00"
Tech21GT2,Tech 21 SansAmp GT2,2,"TK33,000.00"
CarvinTRX2115A,Carvin TRX2115A 15 INCH 2-WAY 2000W ACTIVE MAIN-MONITOR,2,"TK140,000.00"
CarvinTRX3118A,"Carvin TRX3118A Active 1900W Flyable 18-Inch Subwoofer. Package Includes: 1 TRx3118A Active 18-inch subwoofer, SUREFLY SF3118 Hanging hardware mounted, PowerCon™ AC cord/jumper kit",2,"TK250,000.00"
Guitar Switch,Oak Grigsby Super Switch 5-way lever switch,2,"TK3,250.00"
Guitar service,Body routing,2,"TK3,500.00"
Dunlop5400PolishCloth,Dunlop 5400 Polish Cloth,2,TK900.00
Guitar Tuning Keys,"Carvin CLT6B CARVIN LOCKING TUNERS, 6 TOP - BLACK",2,"TK11,000.00"
WamplerEgoCompressor,Wampler Ego Compressor,2,"TK37,000.00"
EHXNCC,EHX Neo Clone Analog Chorus,2,"TK12,000.00"
WamplerFauxSpringReverb,Wampler Faux Spring Reverb Pedal,2,"TK42,500.00"
Vocal Booth,sE Electronics SPACE - Specialized Portable Acoustic Control Environment,2,"TK53,500.00"
StewMacFloydRoseTremoloArmSatinChrome,"Tremolo Arm for Floyd Rose - For Floyd Rose, satin-chrome",2,"TK3,000.00"
DBZBAREEMGABFR,DBZ Barchetta Absinthe FR (BAREMGAB-FR) with DBZ Original Hardcase.,2,"TK110,000.00"
PedalboardCableKit,"Diago Patchfactory Solderless Patch Cable KIT  10 x 1/4"" Angled Patch Plugs 1 x 10ft (3.5m) patch cable 1 x Cutter",2,"TK12,000.00"
Rewiring,Rewiring,2,"TK1,500.00"
Guitar Glass Slide,Dunlop 213 Slide,2,"TK1,025.00"
Bass Preamp,EMG BTC Preamp,2,"TK23,500.00"
AllParts9-VoltTopMountBatteryCompartmentEP-2929-023,"9-Volt Deluxe Battery Compartment, Access door, Black, 2-3/16"" x 1"" . Has a 4-screw mounting flange. Built-in terminals and lead wires. Mounting surface must be at least 1-1/4"" x 2-1/2"" (31.75mm x 63.50mm) and 1-1/2"" (38.10mm) depth.",2,"TK4,000.00"
BreedlovePassportDMMe,Breedlove Passport D/MMe acoustic-electric guitar with Original Gig Bag,2,"TK82,500.00"
DBZCAVABFRBK,DBZ Cavallo AB FR Black (CAVAB-FR-BK) with Original DBZ Hardcase,2,"TK140,000.00"
ErnieBallStrings5String,Ernie Ball 2836 Regular Slinky Roundwound 5-String Bass Strings (.045-.130),2,"TK4,500.00"
Reference Monitor,Dynaudio BM 6A MKII,2,"TK150,000.00"
Mandolin Strings,GHS A250 Phosphor Bronze Mandolin Strings - .010-.036,2,"TK1,200.00"
DunlopDBN40100,Dunlop Electric Bass 4 Strings Nickel Light 40-100,2,"TK3,100.00"
SDSPB3,Seymour Duncan Precision Bass® Passive Quarter Pound™ SPB-3 Neck,2,"TK12,500.00"
Capacitor,Orange Drop Capacitor,2,"TK1,000.00"
Bass Hardcase,Fernandes Bass Hardcase,2,"TK17,000.00"
EHXMMTB,EHX Metal Muff with Top Boost Distortion,2,"TK21,000.00"
AllPartsMK-3330-010ChromeMetalKnob,Chrome barrel knobs with indicator and set screw. Fits import concentric pots and split shaft pots. Measures 3/4 x 3/4 inch.,2,"TK1,500.00"
LavaSolderKitMixedLCPBKTMS,Lava Solder Mixed Nickel Plugs 5 each R/A + 5 each Straight 1/4 (SOLDER-VERSION): Black Cable,2,"TK17,000.00"
LavaSolderedPedalBoardKitStraightLCPKTS,Lava Soldered Pedal Board Kit Straight Plugs (SOLDER-VERSION) Black Cable,2,"TK17,000.00"
FernandesRavelleBassXBlack,Fernandes Ravelle® Bass X Black Gloss,2,"TK78,000.00"
AllPartsBlackPickguardforStratPG-0552-033,"Pickguard for Stratocaster®, Black 3-ply (B/with B) (11 screw holes). Gloss finish with foil conductive shielding on the back.",2,"TK4,300.00"
ReverendMercalli5Black,Reverend Mercalli 5 Bass Black with Original Hard Case,2,"TK198,000.00"
OneControlCrocodileTailLoopOC10,One Control Crocodile Tail Loop (OC10),2,"TK101,500.00"
Carvin PRO25TL 25 Foot Speakon Speaker Cable,Carvin PRO25TL 25 Foot Speakon Speaker Cable,2,TK0.00
Carvin PM153 3-WAY 15 Inch Speaker,Carvin PM15A Molded Active Main/Monitor Speaker,2,"TK130,000.00"
Carvin C1240 12 Channel Mixer,"Carvin C1240 12 Channel 4-BUS Mixer W/ 6 Channel Sends, 3 Band Channel EQ",2,"TK140,000.00"
DiagoPedalHookTapePB09,Diago Packaged Self-Adhesive Pedal Hook Tape (PB09): 1 x 2m Self-Adhesive Pedal Hook Tape,2,TK850.00
WamplerPinnacleDistortion,Wampler Pinnacle Distortion,2,"TK35,000.00"
Dunlop Chrome Slide 220,Dunlop Chrome Slide 220,3,"TK1,250.00"
SDTB4,Seymour Duncan TB4 JB Trembucker Humbucker Pickup Bridge (Black),3,"TK22,000.00"
In ear monitor System,CARVIN EM900 960-CHANNEL WIRELESS IN-EAR PERSONAL MONITOR SYSTEM,3,"TK105,000.00"
PedalTrainProSC,PedalTrain Pro with SoftCase (PT-PRO-SC): Frame - 32x16x3.5 inches,3,"TK45,500.00"
Pre Amp,MOTU 4pre: 6-channel USB/FireWire Audio Interface with 4 x Microphone Preamplifiers.,3,"TK188,500.00"
AllPartsBlackMetalKnobsMK-3330-003,Black barrel knob with indicator and set screw. Fits import concentric pots and split shaft pots. Measures 3/4 x 3/4 inch.,3,"TK2,700.00"
GHSStringsM3050X-5,"GHS M3050X-5 STRING BASS,FLATWOUND, 5-STRING, LONG+, MEDIUM",3,"TK8,250.00"
BassStringsEB2836,Ernie Ball 2836 Regular Slinky Roundwound 5-String Bass Strings (.045-.130),3,"TK6,750.00"
Effects Processor,Line 6 POD HD500X Guitar Multi-Effects Processor,3,"TK151,500.00"
Bass Amp,Carvin 2x10 Bass Amp (SN: OD83089),3,"TK133,000.00"
PowerSupplyVSOSPA,Visual Sound One Spot Power Adapter 9 Volts 1700 mA,3,"TK5,900.00"
BassStrings40210,Warwick Black Label Stainless Medium 4-String Bass Strings: .40-.100,3,"TK9,000.00"
PedalTrain3SC,PedalTrain 3 with Softcase (PT-3-SC): Frame - 24x16x3.75 inches,3,"TK43,000.00"
PedalTrainJRSC,PedalTrain JR with Softcase (PT-JR-HC): Frame - 17x12.5x2.5 inches,3,"TK31,500.00"
GuitarCableFT15AS,Fulltone Gold GS15-AS (15' Angled-Straight),3,"TK13,500.00"
Dunlop88BTriggerClassicalCapoBlack,Dunlop 88B Trigger Classical Capo - Black,3,"TK3,950.00"
VicFirthVF7AW,Vic Firth 7A Wood Tip Drumstick Pair,3,"TK2,550.00"
PedalTrain2SC,PedalTrain 2 with Softcase (PT-2-SC): Frame - 24x12.5x2.5 inches,3,"TK37,000.00"
Potentiometer,CTS 500K-ohm,3,"TK2,950.00"
AllPartsCTSLongShaft500KSplitShaftAudioPotEP-0686-000,"500K Audio Pot, 3/4 Long Threaded Bushing, CTS, 24 spline split knurled shaft with nut, lock and dress washer. Threaded bushing is 3/4"" tall.",3,"TK3,000.00"
Carvin UX16-BP WirelessSystem,CARVIN UX16-BP UHF WIRELESS RECEIVER AND BODY PACK TRANSMITTER WITH UXGT (1/4 in. Guitar Cable for Wireless Systems),3,"TK115,000.00"
EffectsPedalTCEPTMini,TC Electronic PolyTune Tuner Pedal Mini,3,"TK21,000.00"
Bass Pickup,Seymour Duncan Blackouts 4 String Bass ASB-BO-4,3,"TK34,500.00"
DunlopDBN45105,Dunlop Electric Bass 4 Strings Medium Nickel 45-105,3,"TK4,800.00"
SDSH4,Seymour Duncan SH-4 JB Humbucker Black (Bridge),3,"TK21,500.00"
Gruv gear,FretWraps,3,"TK3,350.00"
Pickup Rewinding,Pickup Rewinding,3,"TK6,000.00"
RocktronBansheeAmplifiedTalkbox,"Rocktron Banshee Amplified Talkbox:  Amplified Talkbox Effect for Guitar with Gain, Tone, and Output controls, Bypass Footswitch, and Vinyl Tube.",3,"TK37,500.00"
SeymourDuncanWoodyXL,Seymour Duncan SH 1B '59,3,"TK29,575.00"
WamplerSovereign,Wampler Sovereign,3,"TK56,000.00"
GuitarStringsEB2225,Ernie Ball 2225 Extra Slinky Nickel Wound Electric Strings: .008-.038 Custom Gauge,3,"TK1,500.00"
Tech21PowerEngine60,Tech 21 Power Engine 60 with original cover,3,"TK114,000.00"
AllPartsPenguinMotorizedStringWinderMultitoolLT-4239-000,"Penguin 3 in 1 motorized string winder, string cutter, and bridge pin remover. Slide switch controls left or right winding action. Quickly wind and unwind strings and minimize risk of damage to tuners. Includes charger for USB and 5V DC adapter.",3,"TK19,500.00"
CarvinGuitarCableC20PC,Carvin Guitar Cable 20 Feet Braided,3,"TK7,500.00"
DrumsAccessories,"Evans EC Reverse Dot - 14""",3,"TK3,700.00"
Ukele,Cordoba UP100 Starter Pack,3,"TK53,000.00"
AllParts SchallerAllenWrenchHolderAP-0645-003Black,"Schaller model 1233 Wrench Holder. Holds 2 Wrenches, Black",3,"TK5,100.00"
GHSStringsH-T10,GHS Hawaiian Tenor Ukulele Nylon Guitar Strings: Aluminum wound. Gauges:28-36-35-32,3,TK900.00
SDAPH2S,Seymour Duncan APH-2s Alnico II Pro Slash Guitar Pickup Set (Zebra/Reverse Zebra),3,"TK55,500.00"
Tuner,Fishman Clip On Tuner,3,"TK15,000.00"
Guitar Hanger,String Swing Stylz Guitar Keeper - Eternity,3,"TK4,250.00"
AllPartsFenderCRL5-WayStratocasterSwitchEP-0076-000,"5-Way Switch, With stainless steel screws for Stratocaster®, The Original CRL Switch. Made in the USA.",3,"TK6,050.00"
Dunlop83CNAcousticCapo,Dunlop 83CN Trigger Acoustic Capo - Nickel,4,"TK5,000.00"
Shipping,EMS Registered,4,"TK158,420.00"
BlackWashersEP-0070-B03,Black Washers,4,TK100.00
DiagoHCPBShowman,Diago Hardcase Pedalboard Showman,4,"TK62,000.00"
DunlopStrapLockSLS1033BK,Dunlop Dual Design Strap Lock - Black,4,"TK5,900.00"
decal,Jazz Blocks Japan White,4,"TK5,500.00"
Delivery,Door to Door Delivery,4,"TK1,800.00"
FulltoneGS10SS,Fulltone Gold Standard 10' Cable Straight to Straight,4,"TK13,250.00"
FulltoneGS12AA,"Fulltone 12"" interconnect ANGLED to ANGLED",4,"TK6,000.00"
RocktronMetalEmbrace,Rocktron Metal Embrace Distortion Pedal,4,"TK42,000.00"
AllPartsSpringNOTremoloSpringSilencersBP-2009-000,"SpringNO tremolo spring silencers, pack of 3.",4,"TK2,400.00"
AllPartsStop-ItFrictionDiscWashersEP-4972-023,Stop-It friction disc washers for knobs.,4,TK800.00
EffectsPedalTCEPolyTuneMini,TC Electronic PolyTune Mini Polyphonic Tuning Pedal,4,"TK38,500.00"
Tech21BassDriverDI,Tech 21 SansAmp Bass Driver DI,4,"TK64,500.00"
BreedloveStageConcert,Breedlove Stage Concert Cutaway Acoustic-Electric Guitar Natural with original deluxe gig bag,4,"TK324,000.00"
AllPartsChromeOnOnRoundBatMiniSwitchEP-4181-010,"Chrome On-On Mini Switch with round bat. Double pole double throw (DPDT). Includes mounting hardware. 5/16"" thread bushing height; 1/4"" diameter hole; 5/8"" body cavity depth needed.",4,"TK2,000.00"
AquilaUkuleleStrings,Aquila Ukulele Strings,4,"TK3,800.00"
BassStringsDR,"DR Strings Orange Neon NOB (.45-.105) Nickel Coated Bass Guitar Strings, Medium",4,"TK12,602.50"
AllPartsBlackDomeKnobsMK-0110-003,Black dome knob with set screws. Domes have a slightly flattened top. Fits USA solid shaft pots. Measures 13/16 inch tall x 3/4 inch wide.,4,"TK3,000.00"
Guitar Capo,Kyser KG3B Short-Cut 3-String Acoustic Capo,4,"TK12,325.00"
CarvinTRX3210A,"Carvin TRX3210A Active 2500W Line Array Element With Hardware. Package Includes: 1 TRX3210A Active 2500W Line Array Element, Pair of SUREFLYTRX hanging hardware (installed), AC cord/jumper kit",4,"TK500,000.00"
EffectsPedalITS,Ibanez Tube Screamer TS9DX (Turbo Reissue),4,"TK54,000.00"
GuitarStringsGBL,GHS GBL Guitar Boomers Roundwound Light Electric Guitar Strings: .010-.046,4,"TK2,150.00"
Carvin PM15A 15 Inch Speaker,Carvin PM15A Molded Active 15 Inch Speaker,4,"TK235,000.00"
CarvinProgramReferenceMonitorPM5B,Carvin PM5-B Program Reference Monitor (Black),4,"TK40,000.00"
CarvinSS4SpeakerPole,Carvin SS4 Speaker Pole,4,"TK10,000.00"
CarvinPRO1TL,Carvin PRO1TL 18 Inch Speakon Speaker Cable,4,"TK14,000.00"
CarvinPM5-CB Wall/CeilingMountwithBrackets,Carvin PM5-CB Wall/Ceiling Mount for PM5 Reference Spot Monitors with PM5-UB U Bracket for PM5 Monitor (Black),4,"TK32,000.00"
AllPartsBlackOnOnOnRoundBatMiniSwitchEP-4180-003,"Black On-On-On Mini Switch with round bat. Double pole double throw (DPDT). Includes mounting hardware. 5/16"" thread bushing height; 1/4"" diameter hole; 5/8"" body cavity depth needed.",4,"TK4,400.00"
DunlopDBN45125,Dunlop Electric Bass 5 Strings Medium Nickel 45-125,4,"TK7,400.00"
Dunlop654GuitarPolishCleaner,Dunlop 654 Formula No. 65 Guitar Polish and Cleaner,4,"TK2,050.00"
DrumsSticksPMHR,Pro-Mark Hot Rods Pair,4,"TK7,000.00"
PedaltrainUBKT-2PowerSupplyMountingBracket,Pedaltrain UBKT-2 Power Supply Mounting Bracket,4,"TK5,500.00"
Mic Stand,Microphone Desk Stand,4,"TK10,000.00"
AllParts250KDPDTPotEP-0285-000,250K push / pull audio taper potentiometer. Threaded portion is 8.5 mm. 35mm from bottom of pot to top of threaded portion. Includes nut and washer.,4,"TK5,400.00"
BreedlovePursuitConcert,Breedlove Pursuit Concert Acoustic-Electric Guitar Natural with original gig bag,4,"TK162,000.00"
Dunlop654CPolish&Cloth,Dunlop 654C Formula No. 65 Polish & Cloth,4,"TK3,850.00"
Alignment,Bridge Alignment,4,"TK4,500.00"
Monitor Speakers,"Yamaha HS8S: 150W Active Studio Subwoofer with 8"" Speaker, Balanced XLR Inputs and Outputs, Balanced TRS Inputs, Low Cut, Phase, and Level Controls",4,"TK170,500.00"
Pedal Boad,Pedal Train 3 with Gig Bag,4,"TK75,000.00"
Guitar Case,DBZ Electric Hard Case,4,"TK65,500.00"
LavaSolderFreeKitMixedLCPBKTMS,Lava Solder-Free Kit Mixed Nickel Plugs 5 each R/A + 5 each Straight 1/4 (SOLDER-VERSION): Black Cable,4,"TK34,000.00"
BlackDomeKnobsMK-3150-003,Short black dome knobs with set screw. Fits USA split shaft pots. 5/8 inch tall x 3/4 inch wide with .236 inch (6mm) hole.,5,"TK3,750.00"
FulltoneGS6AA,"Fulltone 6"" interconnect ANGLED to ANGLED",5,"TK8,650.00"
WamplerTripleWreck,Wampler Triple Wreck Distortion Pedal,5,"TK131,000.00"
Headphone,Behringer HPM 1000,5,"TK5,300.10"
Elixir11000,Elixir Acoustic 80/20 Bronze POLYWEB® Coating Extra Light (.010-.047),5,"TK5,800.00"
"Hosa6""GuitarCable","Hosa 6"" Guitar Cable",5,"TK3,250.00"
DunlopDEN1046,Dunlop Electric Guitar Strings Nickel Medium 10-46,5,"TK2,250.00"
Elixir15332,Elixir Bass NANOWEB® Coating 6th String Single (.032),5,"TK4,250.00"
PowerSupply1SpotMC5,Visual Sound 1 SPOT Multi Plug 5 Cable: 5-plug Cable for 1 SPOT Power Adapter with Right-angle Plugs and Spring-loaded Contacts,5,"TK6,250.00"
AllPartsCTS500KSolidShaftAudioPotEP-0886-000,"CTS 500K Audio Pot, solid shaft with nut, lock and dress washer. Threaded bushing is 3/8"" tall. 0.25 inch shaft diameter. 0.25 inch shaft diameter.",5,"TK4,750.00"
Acoustic Guitar,Breedlove Atlas Stage C25/SRe Acoustic Electric Guitar with Hardshell Casing,5,"TK387,000.00"
Elixir14677,Elixir Bass NANOWEB® Coating 4-String Light/Long Scale (.045-.105),5,"TK16,750.00"
AllPartsKoreanToggleSwitchEP-4366-000,"Economy Korean toggle switch with boxed electronics, with knob. Threaded shaft 12mm diameter by 11mm tall.",5,"TK4,550.00"
DiagoHCPBTourman,Diago Hardcase Pedalboard Tourman,5,"TK90,500.00"
Pedal Power Adaptor,One Spot Power 9V ,5,"TK11,750.00"
Guitar Mantenance,Installation and Service,5,"TK3,050.00"
Intonation,"Intonation, setup and poles adjustment",5,"TK6,800.00"
FulltoneGS15AS,Fulltone Gold Standard GS15-AS 15' Angled-Straight,5,"TK19,350.00"
DunlopDBN45100,Dunlop Electric Bass 4 Strings Medium Light Nickel 45-100,5,"TK8,800.00"
AllPartsBourns500KPush/PullPotEP-5286-000,"Bourns 500K Push/Pull Audio Taper Pot, Split Shaft, with hardware",5,"TK6,600.00"
AllParts500KDPDTPushPullAudioPotEP-0286-000,"500K A Push/Pull Audio Taper Potentiometer, With Nut and Washer.",5,"TK5,500.00"
EHX9VPowerSupply,EHX 9v Power Supply,5,"TK6,000.00"
DiagoHCPBGigman,Diago Hardcase Pedalboard Gigman,5,"TK62,500.00"
"AllPartsSwitchcraft1/4""InputJackEP-0055-000","Switchcraft 1/4 inch mono input jack. Includes nut and washer. Requires 3/8""-diameter mounting hole; 3/8 x 32 threaded portion is 1/4 inch long.",5,"TK1,900.00"
AllPartsGP-9040-023F-1PickMediumGauge,"F-1 guitar picks: Black, medium gauge. Ergonomically designed to require less pressure needed to grip the trick, resulting in more control and speed.",5,"TK1,375.00"
WamplerFauxTapeEcho,Wampler Faux Tape Echo,6,"TK127,500.00"
AllPartsStainlessSteelFretWireLT-0893-005,"Stainless Steel Fret Wire A= 2.40mm .095"" B= 2.80mm .110"" C= 1.30mm .051"" D= 1.43mm .056"" E= 0.60mm .024"" F= 0.80mm .032"". One 2-Foot Length.",6,"TK4,500.00"
DunlopClassicalStringSetDPV101,Dunlop Premier Series Classical Guitar 6 String Set Straight End Normal Tension (DPV101),6,"TK3,600.00"
Carvin C10XLR 10 Foot XLR Cable,Carvin C10XLR 10 Foot XLR Cable,6,TK0.00
CarvinPRO25TL,Carvin PRO25TL 25 Foot Speakon Speaker Cable,6,"TK48,000.00"
Carvin SS20 Speaker Stand,Carvin SS20 Speaker Stand,6,"TK36,500.00"
Dunlop 6503 Body & Fingerboard Cleaning Kit,Dunlop 6503 Body & Fingerboard Cleaning Kit,6,"TK8,400.00"
Carvin M50 Dynamic Microphone,Carvin M50 Unidirectional Dynamic Vocal Microphone,6,"TK36,000.00"
Hosa1'GuitarCable,Hosa 1' Guitar Cable,6,"TK3,900.00"
GHSFastFret,GHS Fast Fret,6,"TK5,100.00"
OneControlMicroDistro,One Control Micro Distro Power Supply: Power up to 9 pedals including a 12-18V SAG adjustable output. ,6,"TK66,500.00"
TremoloTensionSpring,Tremolo Tension Spring,6,"TK1,800.00"
CardTransaction,Card Transaction,6,TK779.00
Elixir14777,Elixir Bass NANOWEB® Coating 5-String Medium w/Light B /Long Scale (.045-.130),6,"TK22,900.00"
GHSStrings4-RMB,GHS Big Core Drop Tuning Bass Guitar Strings (45-105),6,"TK18,000.00"
Elixir14202,Elixir Bass NANOWEB® Coating 5-String Light/Long Scale (.045-.130),7,"TK26,600.00"
MOD,Boss DS-1 MOD,7,"TK23,500.00"
FulltoneGS15SS,Fulltone Gold Standard 15' Cable Straight to Straight,7,"TK28,900.00"
Order Tracker,"Just to track the order, not payable",7,TK7.00
Bass Strap,"Neotech 8301052 Mega Bass Strap, Black",7,"TK20,500.00"
DunlopDEN1150,Dunlop Electric Guitar Strings Medium Heavy Nickel 11-50,7,"TK3,150.00"
 Bass Strings,Ernie Ball Hybrid Slinky (.45-.105),7,"TK22,000.00"
Guitar Pickup,Seymour Duncan TB-6 Distortion Trembucker Humbucker Pickup - Black,7,"TK66,500.00"
GHSStringsBB20X,GHS BB20X Bright Bronze - 80/20 Bronze Extra Light Acoustic Guitar Strings: .011-.050,7,"TK4,600.00"
FulltoneGS8AA,"Fulltone 8"" interconnect ANGLED to ANGLED",7,"TK11,875.00"
Elixir14087,Elixir Bass NANOWEB® Coating 4-String Medium/Extra Long Scale (.045-.105),7,"TK23,350.00"
BulkQuadCoreCable,Quad Core Cable (UK) Per Feet,7,TK700.00
Bass Guitar,Carvin LB70W  FW4 - Bookmatched Figured Claro Walnut Top  -CG - Clear Gloss Finish (Standard) 5MW - 5-Piece Maple Neck w/ 2 Walnut Stripes SBH - SB-Style Headstock FWPH - Figured Walnut Headstock Matches Body Finish BMF - Birdseye Maple Fingerboard (Tung-Oile,7,"TK616,250.00"
Carvin MS13 Mic Stand,Carvin MS13 Mic Stand / Boom Combo,8,"TK38,000.00"
Microphone,Lapel Mic,8,"TK150,000.00"
Pedal Mod,NS 2  MOD,8,"TK25,000.00"
Carvin Guitar Cable,Carvin Guitar Cable 20 Feet Braided,8,"TK20,000.00"
Slides,Dunlop Moonshine C215,8,"TK5,350.00"
Carvin UX16-MC Hand Held Microphone System,Carvin UX16-MC Hand Held Mic Transmitter And UHF Receiver,8,"TK320,000.00"
PickguardScrewsforFenderStainless,Pickguard Screws for Fender - Stainless,8,TK400.00
DunlopDEN0942,Dunlop Electric Guitar Strings Light Nickel 09-42,8,"TK3,600.00"
FenderAccessoriesFCT-012ClipOnTuner,Fender Accessories FCT-012 Clip on Color Tuner Clip-on Headstock Tuner with LCD Display and Vibration Sensor,8,"TK8,500.00"
AllPartsBlackMetricGuitarBridgeHeightScrewGS-0049-B03,"Metric Bridge Height Screws (100 pieces) for Guitar, Hex Head, Black, M3 x 8 mm",8,TK280.00
AllPartsBlackDomeKnobsMK-3150-003,Short black dome knobs with set screw. Fits USA split shaft pots. 5/8 inch tall x 3/4 inch wide with .236 inch (6mm) hole.,8,"TK6,000.00"
LavaTightRopeLCTRKTB,"Lava TightRope Solder-Free Kit, 10' Cable, 10 R/A Plugs, Cutter, Black Cable",9,"TK48,500.00"
Elixir11025,Elixir Acoustic 80/20 Bronze POLYWEB® Coating Custom Light (.011-.052),9,"TK10,800.00"
DiagoPowerSupplyMicroPower9PS10,"Diago Power Supply (PS10) 1 A with 1 x Micropower9 Base Unit, 1 x AC Mains Cable (detachable), 1 x Instruction Manual, 1 x Strip of Velcro, (Daisy Chain NOT included)",9,"TK31,500.00"
Strap Lock,Schaller Security Strap Locks - Chrome Guitar Straplocks with Pull-out Release - Chrome,9,"TK15,350.00"
AlphaControlPots25Kohm,Control Pots - 500k-ohm,9,"TK10,250.00"
Pickup Installation,Single Pickup Installation,10,"TK6,000.00"
Carvin MS11 Short Mic Stand,Carvin MS11 Short Mic Stand / Boom Combo,10,"TK35,000.00"
DiagoPowerDaisyChainPS02,Diago Deluxe Daisy Chain for Powering 6 Pedals (PS02),10,"TK12,250.00"
PowerSupplyDEHSDEU,Decibel Eleven DB11-HSD-EU Hot Stone Deluxe Power Supply - 230V,10,"TK169,350.00"
GHSStringsS325,GHS S325 Phosphor Bronze Light Acoustic Guitar Strings: .012-.054,10,"TK7,000.00"
Strap,Joe Satriani Skull and Bones,11,"TK26,900.00"
DrumsSticksPMTX5AW,Pro-Mark 5A TX5AW Wood Tip Hickory Drum Sticks Pair,11,"TK11,000.00"
FulltoneOCD,Fulltone OCD,11,"TK134,750.00"
Dunlop 6504 Guitar Tech Care Kit,Dunlop 6504 Guitar Tech Care Kit,11,"TK21,700.00"
AllPartsSwitchcraft12BStereoInputJackEP-0155-000,"1/4 Input Jack, Stereo, Switchcraft #12B, with nut and washer. A stereo input jack is used for stereo wiring, or to turn on/off onboard active systems when the plug is inserted. Requires 3/8""-diameter mounting hole; 3/8 x 32 threaded portion is 1/4"" long.",11,"TK8,850.00"
GHSStrings2150W,GHS Nylon and Silver Classical Guitar Strings - Tie End,11,"TK6,600.00"
GHSStringsGBUL,GHS GBUL Guitar Boomers Roundwound Ultra Light Electric Guitar Strings: .008-.038,11,"TK6,050.00"
Inlay Sticker,Inlay Decals,11,"TK14,504.60"
GHSStringsGBM,GHS GBM Guitar Boomers Roundwound Medium Electric Guitar Strings: .011-.050 Medium Gauge,11,"TK6,050.00"
drums Stick,Vick Firth 7A,12,"TK15,250.00"
AllPartsSaddle InsertsBP-0114-003,"Bridge Saddle Block Inserts for Floyd Rose® or Schaller Tremolo, Black",12,"TK1,800.00"
Guitar Amp,"Blackstar ID:60TVP 1x12"" 60-Watt Programmable Combo",12,"TK1,042,000.00"
GHSStringsML3045,GHS ML3045 Bass Boomers Roundwound Long Scale Medium Light Electric Bass Strings: .045-.100,12,"TK24,000.00"
Bass Strings,D'Addario 4 String Set,13,"TK28,850.00"
Guitar Picks,Dunlop 427PJP,13,"TK2,665.00"
drums Accessories,"Evans Genera Dry - 14"" : 14"" Dry Snare Head with 10mil Single-ply Film, and 2mil Overtone Control Ring",13,"TK40,750.00"
SDP500kPotentiometer,Seymour Duncan 500k Potentiometer,13,"TK16,250.00"
Guitar StringsEX110BT,"D'Addario EXL110BT Nickel Wound Electric Guitar Strings, Balanced Tension Regular Light, 10-46",13,"TK7,000.00"
Guitar Maintanence,GHS Fast Fret,14,"TK14,200.00"
BulkQuadCoreInstrumentCable,Premium Quad Core Cable (UK) Per Feet,15,"TK1,500.00"
GHSStringsBB10U,GHS Bright Bronze - 80/20 Bronze Ultra Light Acoustic Guitar Strings: .010-.046 Ultra Light Gauge Acoustic Guitar Strings,15,"TK9,766.00"
GuitarStringsEB2221,Ernie Ball 2221 Regular Slinky Nickel Wound Electric Strings: .010-.046 Custom Gauge,15,"TK8,250.00"
Elixir14077,Elixir Bass NANOWEB® Coating 4-String Medium/Long Scale (.045-.105),15,"TK50,050.00"
XLR Female Jack,Neutrik XLR Male/Female Jack,15,"TK14,850.00"
Guitar Knobs,"StewMac 0157-B Dome Knob Black, 1/4"" shaft ",15,"TK5,925.00"
ReplacementTubes,Carvin TUBE POWER EL34 PREMIUM,16,"TK35,600.00"
Electric Guitar Strings,Ernie Ball 2221 Regular Slinky Nickel Wound Electric Strings,16,"TK10,600.00"
AllPartsCTS500KSplitShaftAudioPotEP-0086-000,"CTS 500K Audio Pot, 24 spline split knurled shaft with nut, lock and dress washer. Threaded bushing is 3/8"" tall",16,"TK16,000.00"
GuitarAccessories,"Hosa 6"" Guitar Cable",16,"TK13,950.00"
Guitar Cable,"George Ls 15' Straight to Straight Guitar Cable - 15', Straight to Straight",17,"TK54,041.20"
AllPartsSwitchcraftRightAngleCablePlugEP-0289-010,"Switchcraft 1/4 Right Angle Cable Mount Plug. Heavy Duty Style. Includes right angle plug, plastic insulator, and housing.",17,"TK8,650.00"
DrumsSticksPMTX7AW,Pro-Mark 7A TX7AW Wood Tip Hickory Drums Sticks Pair,18,"TK18,000.00"
BulkCanaryInstrumentCable,Canare Instrument Cable per feet,18,"TK1,800.00"
Accessories,EnergyPack Multiplug,20,"TK23,840.00"
CarvinXLRConnectors,Carvin XLR male and female Connectors,20,"TK25,000.00"
EBPickguardScrews,Ernie Ball Pickguard Screws,21,"TK1,010.00"
AllPartsSwitchcraftMaleCablePlugEP-0280-010,"Switchcraft 1/4 Male Cable Mount Plug. Includes plug, plastic insulator, and housing.",21,"TK9,950.00"
GHSFastFretA87,GHS Fast Fret,21,"TK14,050.00"
GHSStringsGBL,GHS GBL Guitar Boomers Roundwound Light Electric Guitar Strings: .010-.046,21,"TK11,550.00"
elixir11027,Elixir Acoustic 80/20 Bronze NANOWEB® Coating Custom Light (.011-.052),22,"TK27,300.00"
StewMacTremoloTensionSpring,Tremolo Tension Spring,22,"TK7,700.00"
Guitar Strap,Satriani Strap,22,"TK68,000.00"
Elixir16027,Elixir Acoustic Phosphor Bronze NANOWEB® Coating Custom Light (.011-.052),23,"TK31,050.00"
GuitarPicksD47P3N,Dunlop Lemmy Pick Tin Pack,24,"TK6,740.00"
ProAudio,Neutrik TS Male Cable Mount Connector,24,"TK307,061.00"
Elixir12102,"Elixir Electric with Anti-Rust coating, plated plain steels NANOWEB® Coating Medium (.011-.049)",24,"TK22,800.00"
Guitar Maintenance,Fret leveling: 24 frets,25,"TK33,450.00"
Electric Guitar,Reverend Double Agent III  Vintage Clear Flame Maple with Hard case,25,"TK2,609,316.00"
DiagoVelcroPB05,"Diago Velcro (PB05): 25mm wide, Adhesive backed, Hook only",25,"TK3,100.00"
Setup and Intonation,"Electric Guitar Setup, Intonation, Polish, Fretboard Hydration, String Height Adjust",25,"TK31,300.00"
GHSStringsGBXL,GHS GBXL Guitar Boomers Roundwound Extra Light Electric Guitar Strings: .009-.042,26,"TK14,300.00"
Elixir12050,"Elixir Electric with Anti-Rust coating, plated plain steels POLYWEB® Coating Light (.010-.046)",28,"TK26,600.00"
AllPartsNickelHumbuckingRingScrewsGS-0008-B01,"Humbucking Pickup Ring Screws, Tall, Nickel, #2 x 3/4""",30,TK970.00
Elixir12000,"Elixir Electric with Anti-Rust coating, plated plain steels POLYWEB® Coating Super Light (.009-.042)",30,"TK28,450.00"
Elixir16002,Elixir Acoustic Phosphor Bronze NANOWEB® Coating Extra Light (.010-.047),31,"TK41,850.00"
Cable,Canary Cable Per Feet,32,"TK9,275.00"
Guitar Strings,Martin MSP 3050 .011-.052 80/20 Bronze,33,"TK19,100.00"
Elixir11002,Elixir Acoustic 80/20 Bronze NANOWEB® Coating Extra Light (.010-.047),34,"TK41,850.00"
Elixir12052,"Elixir Electric with Anti-Rust coating, plated plain steels NANOWEB® Coating Light (.010-.046)",35,"TK33,250.00"
AllPartsBridgeShimBP-2214-001,Shim for locking saddles. Approximately 0.15 mm thick.,36,"TK3,600.00"
BulkCanareInstrumentCable,Canare Instrument Cable per feet,42,"TK4,200.00"
Elixir12077,"Elixir Electric with Anti-Rust coating, plated plain steels NANOWEB® Coating Light-Heavy (.010-.52)",43,"TK40,850.00"
GuitarStringsEB2223,Ernie Ball 2223 Super Slinky Nickel Wound Electric Strings: .009-.042 Custom Gauge,43,"TK23,650.00"
Maintenance,Fret Cleaning and setup,53,"TK60,900.00"
Repair and maintenace,Marshal Footswitch,57,"TK69,000.00"
service charge,Electronics Service,57,"TK77,740.00"
Elixir12027,"Elixir Electric with Anti-Rust coating, plated plain steels NANOWEB® Coating Custom Light (.009-.046)",60,"TK57,000.00"
Effects Pedal,"MXR M81 Bass Preamp Pedal: Bass Preamp Pedal with XLR Direct Out, 3-band EQ, and Level Controls",67,"TK1,182,680.00"
AudioCable3Core,"Audio cable: 3 core shielded, Country of origin UK per Feet",100,"TK10,000.00"
VaporShark,Premium Electronic Cigarette e-Liquid Pinky 8 MG,110,"TK246,700.00"
Installation,Installation,117,"TK101,650.00"
Guitar Accessories,Daddario VariGrip,137,"TK196,727.00"
Elixir12002,"Elixir Electric with Anti-Rust coating, plated plain steels NANOWEB® Coating Super Light (.009-.042)",142,"TK134,900.00"
Picks,Dunlop,200,"TK29,800.00"
Speaker Cable,12GA UK per feet,251,"TK14,250.00"
Discount,Discount,293,"-TK1,393,875.00"
Microphone Cable,"Quadstar UK, per feet",675,"TK40,500.00"
Guitar Pick,Dunlop Jazz III XL,706,"TK50,562.10"
Total,,,"TK25,892,375.48"
